{
    "bias": [
        0.0,
        0.0,
        0.0,
        0.0,
        0.0,
        0.0,
        0.0,
        0.0,
        0.0,
        0.0,
        0.0,
        0.0
    ],
    "depth": 3,
    "f_count": 12,
    "f_size": 3,
    "height": 26,
    "name": "conv",
    "padding": 0,
    "stride": 1,
    "type": "conv",
    "weights": {
        "0": [
            0.12266618112637886,
            0.3432461543430591,
            -0.05303556382094823,
            -0.1789421277873679,
            -0.2977923486141378,
            -0.211155170431166,
            -0.13728065334218478,
            -0.42045043100332086,
            0.13804726237126982,
            0.06427754195434733,
            -0.47120445533735966,
            -0.34364026981337137,
            0.025165420961814768,
            0.07898529561056472,
            -0.5094736856456759,
            -0.0016798024545799752,
            -0.15823192739309763,
            0.05528893934367047,
            0.2786225316458847,
            0.01944873056069229,
            -0.11783012115909064,
            -0.07391730383629906,
            0.38188907467397665,
            -0.09009493616667524,
            -0.20365510285358532,
            0.22473031196793664,
            -0.16637663132210556
        ],
        "1": [
            0.020075102599110203,
            -0.04982683993815669,
            -0.05270812756176082,
            -0.028745462195313168,
            0.0015477073075229825,
            -0.07855344429015054,
            0.22642891982510946,
            0.4470713162632273,
            -0.21852828248559186,
            -0.2437491668103158,
            -0.19223248790627534,
            -0.23877830029788386,
            -0.28203690547547855,
            0.07507727740821682,
            -0.3760923548553149,
            0.13305243529897742,
            -0.17345065206858798,
            0.2802940276728374,
            0.15414115022473798,
            0.02492622401089193,
            -0.058823139616046585,
            0.2468691206519233,
            -0.2881068276210069,
            -0.7972484868000272,
            -0.16137887452850802,
            -0.006401483506415012,
            -0.30582548459540554
        ],
        "10": [
            -0.13675586209340318,
            0.19805207793854154,
            -0.5447319357614397,
            -0.062405882034197335,
            0.4085198465267227,
            0.019636243667251974,
            0.2572872559935296,
            -0.6165408338421716,
            -0.4566311897466444,
            0.14897695168880037,
            0.12868831682526144,
            -0.08376953441007252,
            0.45970962882595373,
            0.3096630242980262,
            0.007346300552578556,
            -0.4944917982965975,
            0.3918627719630375,
            -0.17756018362435189,
            0.4730064454943898,
            -0.5991953964383228,
            -0.22646167981315934,
            -0.11190720397904705,
            0.09456303422022036,
            0.10785470682720755,
            -0.1881997059339168,
            -0.08580446832143133,
            0.45397523357300196
        ],
        "11": [
            -0.4172428482006436,
            0.15852838675597086,
            -0.0757805593757607,
            0.04857831577905666,
            0.21517170421970788,
            -0.06572897168182387,
            0.03381968524814428,
            0.44209707535362935,
            -0.4026955053390114,
            0.106600749621233,
            -0.20027235299803084,
            -0.05767163758486605,
            0.2742888968932534,
            -0.12878647672506152,
            -0.13761442396775533,
            0.08547314555081136,
            -0.10016256071973616,
            -0.12650619652869707,
            -0.0163691424060576,
            -0.08660864305106111,
            -0.2362826692303945,
            -0.5332376210758218,
            -0.11241430253189738,
            0.28272143585397697,
            -0.17157053068688663,
            0.13655679591271558,
            -0.1511215804730827
        ],
        "2": [
            -0.4589693440364203,
            0.3669005102159307,
            0.06928218570040513,
            0.1237578499125058,
            -0.18647163609734618,
            0.21610741282386023,
            0.013528778090617637,
            -0.33847706636629465,
            -0.42013846818699524,
            0.2601795125418847,
            0.6604128158358591,
            -0.33825060151529895,
            -0.24132480510493207,
            -0.30336658225737106,
            0.3377582389062449,
            -0.07342662291306871,
            -0.04674563344502764,
            -0.09000555333137703,
            0.181049161127608,
            -0.02290797822363292,
            -0.16366447234658643,
            0.1070005834385578,
            -0.04779139843412127,
            0.17680441649291606,
            0.043100316690440114,
            -0.1458740357453693,
            0.2950157385023251
        ],
        "3": [
            0.30580666858816663,
            0.17295457808939527,
            0.18707705924982615,
            -0.06550174019935799,
            -0.10558922846074999,
            0.15284985419533673,
            0.4824432640058528,
            0.1773778675579024,
            0.0004744000696340087,
            -0.2039260678599302,
            -0.048802361426643126,
            0.1039537769402652,
            -0.08731275354801085,
            0.0023570150612286862,
            0.2812757871609252,
            0.06503205397838664,
            0.4403543918267178,
            0.06427872429540302,
            -0.09218650321429393,
            -0.11982745185834928,
            -0.07449093805422936,
            -0.042225837617193646,
            -0.11650084940296071,
            -0.0472637938462867,
            0.023804621901074397,
            -0.18461746980017982,
            -0.18999433248145545
        ],
        "4": [
            -0.09743943749766229,
            0.14743965406656223,
            -0.06083891890512756,
            -0.21103240634453224,
            0.33219375543607443,
            0.3737083806467267,
            0.0349778880936927,
            0.3612738401622016,
            -0.09943379500612803,
            0.2033769686012701,
            -0.17795130783119234,
            0.3435315215320358,
            0.23208306391012465,
            -0.3726434746873981,
            -0.182781336186222,
            -0.44083830356197595,
            -0.13793788142388194,
            0.29520496588148065,
            -0.2836478429280222,
            0.24192408759077666,
            -0.10039532610411452,
            -0.1999956942204364,
            -0.026854150105809414,
            0.13350849188735495,
            0.4555288154297036,
            0.20892013149045205,
            0.39495941963922665
        ],
        "5": [
            0.32789137022379783,
            0.3413086630005015,
            0.00288138946820764,
            0.34230097340564397,
            0.14199506258331304,
            -0.10834826021066807,
            -0.32127826672677295,
            0.30807659221699235,
            0.04057944696433762,
            0.06520104829264682,
            0.2346864144857971,
            -0.04202660277487753,
            -0.41186278541284654,
            0.2919860348238125,
            -0.0143121202461109,
            -0.09962862838265583,
            -0.10838518951769352,
            0.17079542110228002,
            -0.15054631920896103,
            -0.3876694915328774,
            -0.47648030919462164,
            0.14220845116234,
            0.056040209946261264,
            -0.22639005601812212,
            0.011653153509423494,
            0.14633155953908294,
            -0.15221242457793147
        ],