{
    "bias": [
        0.0,
        0.0,
        0.0,
        0.0,
        0.0,
        0.0,
        0.0,
        0.0,
        0.0,
        0.0,
        0.0,
        0.0
    ],
    "depth": 3,
    "f_count": 12,
    "f_size": 3,
    "height": 26,
    "name": "conv",
    "padding": 0,
    "stride": 1,
    "type": "conv",
    "weights": {
        "0": [
            0.12265151547605152,
            0.3432461517643614,
            -0.05303356030605613,
            -0.17894295372746383,
            -0.2977920470600986,
            -0.21115481568097474,
            -0.13728342589368842,
            -0.42045027052713113,
            0.13805449145871812,
            0.06426094890200057,
            -0.47120585258322906,
            -0.3436398825014473,
            0.0251619214771756,
            0.07898331445844152,
            -0.5094753043522031,
            -0.001685769207880522,
            -0.15823474604021065,
            0.05529602562008759,
            0.27862049358431407,
            0.019453936311548597,
            -0.11782359746026809,
            -0.07391320434758254,
            0.38189308561957186,
            -0.09008855141422115,
            -0.20365034533021156,
            0.22473633009188085,
            -0.16636827944722796
        ],
        "1": [
            0.02009243125109327,
            -0.0498070613473632,
            -0.05268962051911899,
            -0.028717279495569886,
            0.0015669648767907773,
            -0.07853411639309855,
            0.2264649426699551,
            0.44709936472061035,
            -0.21850538529875219,
            -0.24374421608900243,
            -0.19222570326307542,
            -0.238773999416651,
            -0.2820166022937087,
            0.07508297016634484,
            -0.3760876370384532,
            0.13308459207624743,
            -0.17343417779294396,
            0.2803031015132397,
            0.15415386084196886,
            0.02493662031100691,
            -0.05882000620674269,
            0.24689612882463516,
            -0.28810255061152196,
            -0.7972456412977339,
            -0.16134612792647277,
            -0.006386651147922517,
            -0.3058187429075461
        ],
        "10": [
            -0.13666565046207432,
            0.19808846233220215,
            -0.5447215792892476,
            -0.06239423332470778,
            0.4085055768789193,
            0.019570323101910234,
            0.2573037535162589,
            -0.6165299934919712,
            -0.45663700883999386,
            0.14908506470913122,
            0.12872812705900874,
            -0.0837547986238813,
            0.4597409339956589,
            0.30966459351774667,
            0.007314012149060858,
            -0.4944094291070284,
            0.3919649389429724,
            -0.1774941084958796,
            0.4731464636303298,
            -0.5991271552758296,
            -0.22641496962083524,
            -0.1118427640053677,
            0.09460156921595321,
            0.10787347255151752,
            -0.1881080181304851,
            -0.08569198560941127,
            0.45405150779253867
        ],
        "11": [
            -0.41724783860897663,
            0.15852357735918443,
            -0.07578548923034237,
            0.04857082549600411,
            0.21516456626567868,
            -0.06573439470275688,
            0.03381197539791477,
            0.44208637179579463,
            -0.4026995854731936,
            0.10659934312853929,
            -0.20027339517351167,
            -0.05767383523730643,
            0.2742848720108209,
            -0.12879093462455404,
            -0.13761738097178924,
            0.08546698822140897,
            -0.1001724061633147,
            -0.1265083013849189,
            -0.016370592181578304,
            -0.08660941386915652,
            -0.23628469393804358,
            -0.5332412348251315,
            -0.11241891332818418,
            0.2827177178761666,
            -0.17157716747601862,
            0.13654634616504882,
            -0.15112527783221955
        ],
        "2": [
            -0.4589125345983632,
            0.3669723815600052,
            0.06934799099424385,
            0.12383160576866699,
            -0.18636777864218504,
            0.21624243630145132,
            0.013606467048629927,
            -0.3383948883294652,
            -0.4200409142461602,
            0.26028537604063395,
            0.6605236094332334,
            -0.3381395922016943,
            -0.24117423408245042,
            -0.30319020365156846,
            0.33797946751961777,
            -0.0732593073198055,
            -0.046564240597536916,
            -0.08980503865786134,
            0.18109924451478812,
            -0.022862682111591825,
            -0.16365358529658938,
            0.10710283540801284,
            -0.047706188615399936,
            0.17691408814570028,
            0.04320194413391418,
            -0.14577285844363053,
            0.29512162991864876
        ],
        "3": [
            0.30613718715168425,
            0.1733578058584976,
            0.18749505977480566,
            -0.06514008204118182,
            -0.1051730702179356,
            0.1532783564478069,
            0.48287039064541326,
            0.17775079524193826,
            0.0007550704766428007,
            -0.20344356050285872,
            -0.048239027765787645,
            0.10451600426147056,
            -0.08678275362100069,
            0.0029544562610296335,
            0.2818630910683958,
            0.06560573353273398,
            0.44087302217388424,
            0.06473627613804535,
            -0.09170079823572133,
            -0.1192545854379379,
            -0.07391596292937821,
            -0.04165088048807455,
            -0.11587849385417859,
            -0.046630530599793704,
            0.02442192070100028,
            -0.18404636481553702,
            -0.18945217807018047
        ],
        "4": [
            -0.09739407376522052,
            0.1474849181961793,
            -0.060780824289213935,
            -0.21096291013800184,
            0.33233493836012806,
            0.37385568934457286,
            0.03503306598002051,
            0.36146220021402165,
            -0.09927757617059214,
            0.2036613543700187,
            -0.17769381611352977,
            0.34378843768565326,
            0.23243194699523945,
            -0.37226614054072843,
            -0.1823963645883628,
            -0.4405408954465699,
            -0.13750340084404442,
            0.2956177764300264,
            -0.2833915765740663,
            0.24215924182866158,
            -0.10013684153176287,
            -0.19960408227476087,
            -0.0264674658419908,
            0.13387890762765878,
            0.45589706127455615,
            0.20936103535621908,
            0.3953520383309242
        ],
        "5": [
            0.3276859721401715,
            0.34107153754216846,
            0.002685916839877511,
            0.34210114880223724,
            0.14174928196056466,
            -0.10852542505753347,
            -0.3213795153481865,
            0.30788091944854123,
            0.040392919871285037,
            0.06495037462766473,
            0.23440635357900913,
            -0.04227512659897405,
            -0.4121068505824603,
            0.2917114330371102,
            -0.014544233277674817,
            -0.09976722887164094,
            -0.10860527261716345,
            0.17058011740332302,
            -0.15087080244162177,
            -0.3879647747671312,
            -0.47679070381807687,
            0.14186974517193307,
            0.055728080624016345,
            -0.22670413635672892,
            0.011376036395329393,
            0.14601916356744749,
            -0.1525281745219783
        ],